1,Barrett,Luisetti,995-972-1156
2,Dedie,Castellani,342-732-2209
3,Adamo,Tourner,977-220-4944
4,Larine,Jankiewicz,698-928-5988
5,Jessey,Couthard,437-613-7591
6,Sonny,Celle,798-276-1930
7,Michaella,Swyer,426-282-2428
8,Elmira,Setter,202-702-2440
9,Doralynne,Keysall,131-350-2902
10,Gibbie,Bridgland,975-307-8060
11,Caryn,Thornebarrow,673-989-3900
12,Jeremie,Ditchfield,315-217-2306
13,Alli,Croxall,484-986-5861
14,Ellary,Serrurier,751-847-3463
15,Cody,Roocroft,308-976-2933
16,Mar,Beamand,674-813-8850
17,Arlie,Ellingford,980-792-9061
18,Blaire,McDarmid,608-267-0029
19,Brandie,Fawdrie,381-343-1114
20,Toma,Learmouth,482-696-0272
21,Dorie,Aves,690-401-5938
22,Clair,Kop,413-126-0006
23,Justin,Hutcheon,975-635-7666
24,Torin,Harverson,689-107-7656
25,Sylvester,Korpolak,881-767-1109
26,Tiffany,Brailsford,887-631-8757
27,Jens,Greatbatch,493-771-0028
28,Addie,Lucks,134-751-4632
29,Beatrisa,Digwood,154-660-3286
30,Vincenz,Halso,947-348-3589
31,Demetris,Ansty,901-167-2893
32,Gweneth,Purton,770-698-7732
33,Robbin,Pritchett,473-459-6764
34,Verney,Ollcott,494-504-2161
35,Mendy,Jacquemy,228-144-3360
36,Ava,Loach,708-358-8237
37,Maggy,Foskew,290-583-1850
38,Devondra,Heyns,779-920-4920
39,Leupold,Rochford,592-514-7785
40,Abie,Margach,257-349-4547
41,Salome,Pickthall,857-932-2266
42,Riordan,Mebius,270-961-8316
43,Ardelle,Sillis,418-374-6293
44,Nerissa,Alvaro,263-438-6394
45,Lazar,Guilloton,516-229-5959
46,Randell,Routledge,426-427-6156
47,Duffy,Fuzzens,804-571-8251
48,Antonino,Meeland,410-944-4385
49,Brendan,Candlish,455-961-2117
50,Roana,Zammitt,667-605-8334
51,Emili,Genery,964-194-5622
52,Hieronymus,Cherrison,180-345-0750
53,Inness,Cona,665-889-4759
54,Rollin,Collick,928-584-5012
55,Inga,Ferrulli,572-913-3343
56,Avram,Raatz,693-879-7684
57,Stacy,Meegan,757-478-6068
58,Leontyne,Brompton,606-849-4926
59,Ettie,Noblett,288-897-8761
60,Dick,Binyon,440-809-4495
61,Garland,Batha,874-729-6333
62,Loise,Stabler,986-613-6242
63,Heinrick,Leguay,674-815-3620
64,Eryn,Torbett,831-866-6641
65,Louis,Pether,416-349-9770
66,Gabie,Montez,517-974-1691
67,Othella,Benettolo,123-934-7611
68,Peirce,Ilbert,401-702-3505
69,Bunnie,Fortesquieu,840-618-3061
70,Ivan,Belford,574-445-7034
71,Teddy,O'Shavlan,683-128-6845
72,Mart,Davitashvili,873-358-1537
73,Annelise,Stollmeyer,534-998-7687
74,Chadd,Tripp,778-264-9428
75,Darin,Rae,271-788-9959
76,Corene,Ronaghan,943-228-5485
77,Delcine,Cregeen,812-600-5680
78,Marcella,Middlemiss,576-401-8312
79,Whitman,Fragino,834-298-3409
80,Frances,Biers,714-375-6594
81,Welsh,Sinton,323-222-3275
82,Jenine,Bereford,150-369-4813
83,Judie,Geraldi,789-614-4865
84,Talbot,Umpleby,624-750-9775
85,Darb,Heinsh,246-647-8041
86,Nerti,Goadby,315-517-7692
87,Danny,Vinnicombe,482-726-1618
88,Pepe,Burnitt,614-922-4365
89,Sasha,Crampsey,595-954-3226
90,Herby,Boddam,589-555-4007
91,Beniamino,Overbury,803-745-0535
92,Alyce,Toms,326-304-7165
93,Gilbertine,Girsch,172-560-4832
94,Vladamir,Ivermee,194-751-3022
95,Wallie,Hewkin,101-919-3576
96,Joly,Roseburgh,596-946-0186
97,Ronalda,Petters,940-982-2330
98,Rafferty,Nevins,185-168-7224
99,Jemmie,Cowely,424-774-2472
100,Fayth,Keune,517-379-4048
101,Riannon,Wyllcocks,174-725-3311
102,Kimberli,Bonwell,905-491-5237
103,Gayleen,Ferraron,492-242-2584
104,Ives,Allenson,993-815-1304
105,Aila,Calendar,352-872-3724
106,Allyn,Shark,882-392-0779
107,Bette-ann,Lere,230-392-5085
108,Josefa,Colbert,248-196-5997
109,Xaviera,Rogge,608-557-7901
110,Sheppard,Pawlik,641-499-3160
111,Homere,Zincke,670-703-0837
112,Aeriell,Rosenstiel,306-807-7258
113,Devina,Stoile,976-869-5743
114,Carol,Nutter,414-656-6354
115,Jamesy,Bligh,373-808-6283
116,Hermine,Connick,509-574-3180
117,Ernesto,Mizzi,513-637-7774
118,Reid,Meach,352-665-0705
119,Ramsey,Perl,148-657-2511
120,Pace,Absalom,670-281-5672
121,Lena,de Vaen,534-260-8970
122,Moina,Cogdell,229-928-2779
123,Drusy,Whitloe,367-278-2706
124,Aviva,Joddins,873-830-5823
125,Pip,Gaskoin,310-350-4572
126,Sherrie,Oldknowe,873-121-5220
127,Papageno,Surphliss,260-740-8942
128,Ogdon,Kail,283-193-2233
129,Helge,Boulde,211-328-7073
130,Allen,Flewitt,748-114-9671
131,Marietta,Goade,357-574-0407
132,Debee,Speaks,410-715-2524
133,Camala,Huckstepp,287-994-9412
134,Maressa,Fudger,405-356-8326
135,Levey,Upson,211-625-5710
136,Elyn,Govinlock,881-203-9929
137,Lilith,Mcall,456-959-9225
138,Adara,Grayer,769-732-8384
139,Elna,Higounet,273-116-1904
140,Huey,Pudding,659-598-9610
141,Cornelius,Hymor,714-275-4689
142,Sofia,Bilovsky,973-710-1174
143,Connie,Shilling,831-603-5239
144,Fernande,Ruit,994-568-7568
145,Felix,Sargent,939-734-7892
146,Packston,McGibbon,674-294-7427
147,Lenna,Brack,387-918-6717
148,Hetty,Marley,921-554-1213
149,Lammond,Finlason,706-878-7906
150,Reinhold,Coggell,146-279-0100
151,Nell,Scarlon,800-672-4672
152,Marena,Marke,728-283-0101
153,Hewet,Venour,354-560-5191
154,Reyna,Romei,159-351-5039
155,Antonino,Caen,640-838-5402
156,Marleen,Gadaud,202-230-6160
157,Augy,Klimpke,636-990-6341
158,Ardra,Dunican,711-730-9850
159,Ange,Tombleson,206-743-8375
160,Keene,Moule,387-835-3345
161,Jo ann,Kobes,436-577-3854
162,Rocky,Flukes,255-218-4511
163,Georgi,Rameau,233-174-9688
164,Hilton,Moxley,457-601-1901
165,Ainslie,Beckinsale,464-684-2424
166,Sid,Lardeux,757-127-7350
167,Jessi,Vegas,838-894-4039
168,Gale,Goodridge,864-386-1445
169,Harlie,Winders,591-380-0501
170,Barbabas,Jaray,412-265-0141
171,Nobie,Stanyforth,512-379-0653
172,Rianon,Arboine,235-584-0911
173,Emilie,Ruggiero,150-598-9204
174,Joscelin,Disney,785-543-8002
175,Bruno,Roglieri,701-123-9065
176,Irina,Smithyman,757-519-6854
177,Brigitte,Tansill,851-358-3390
178,Felipe,Veel,100-446-4348
179,Faye,Pizer,172-572-3124
180,Fredelia,Rowesby,844-305-1886
181,Mellisa,Mildenhall,913-200-7255
182,Iorgos,Sellors,598-591-0819
183,Iona,Roberti,661-565-3321
184,Mirabel,Line,275-399-5071
185,Georgine,Frenzel;,426-316-9438
186,Traci,Ginley,168-773-4418
187,Siward,Yglesias,125-940-4057
188,Merla,Harbottle,401-674-0229
189,Rourke,Bricknell,685-187-0390
190,Melisent,Eschalotte,380-860-4353
191,Gabbi,Mattson,171-513-3021
192,Bert,Baldelli,462-157-9578
193,Allen,Giblin,199-657-5472
194,Flora,Sabberton,460-948-1217
195,Isak,Glaysher,119-761-9952
196,Lenee,Housbie,477-215-0200
197,Ike,Blabber,142-559-8001
198,Chuck,Sire,164-288-5307
199,Angil,Appleford,618-969-9949
200,Essa,Cooke,995-805-0963
201,Bone,Kochel,656-411-6618
202,Olenolin,Rannie,749-408-7474
203,Mal,Halm,122-284-7254
204,Terry,Peattie,394-272-0630
205,Donelle,Sore,584-979-8938
206,Randie,Sides,826-590-1312
207,Rahal,Weedon,857-621-0872
208,Dimitri,Clynmans,489-610-8020
209,Ernestus,Sirrell,273-417-5619
210,Evyn,Aubery,582-290-7288
211,Estrella,Basketter,607-293-3797
212,Royce,Melladew,633-734-6751
213,Brod,Mellem,368-181-2275
214,Nolana,Picford,605-573-9627
215,Nessa,Hedon,541-822-6732
216,Gordon,Keasey,633-370-8136
217,Blair,Scholler,115-995-0556
218,Edgardo,Overy,146-791-2736
219,Miranda,Bullan,851-636-7321
220,Tome,Bartunek,741-211-1331
221,Melloney,Willcot,127-461-6936
222,Koralle,Hansbury,548-805-8104
223,Mikaela,Alliston,265-158-5770
224,Arri,Gerrey,621-244-7013
225,Lauren,Huygens,466-531-2741
226,Norma,Murkus,789-263-0752
227,Wernher,Alger,835-536-7592
228,Jenda,Berard,690-517-5147
229,Roda,Laurencot,829-106-4785
230,Corinne,Mosson,558-518-8329
231,Grace,Boole,902-549-7721
232,Duff,Larderot,623-935-9557
233,Lucinda,Koppen,412-744-2141
234,Elga,Billett,577-643-2537
235,Ginnifer,Mathet,381-367-3341
236,Merlina,Piggin,212-512-3414
237,Chevalier,Syversen,173-376-1104
238,Thain,Ree,663-982-4623
239,Grayce,Rosenblath,844-695-8402
240,Rosella,Bennen,490-490-8197
241,Cybill,McCerery,651-803-0961
242,Cari,Prendergrass,679-441-3905
243,Glenine,Slevin,674-609-5271
244,Othilia,Mustill,530-918-2034
245,Cointon,Hearse,986-765-0407
246,Iggy,Ebhardt,122-441-9842
247,Prudy,Benedetti,248-666-0493
248,Enrico,Baber,743-197-9067
249,Howie,Stennings,107-116-4239
250,Bessie,Welband,117-154-7878
251,Keir,Wilcockes,702-517-5598
252,Bree,Everil,475-585-6221
253,Francklyn,Pimblett,302-101-2141
254,Elvina,Bignold,731-791-7427
255,Dalenna,Khosa,779-293-8075
256,Christy,Cutbirth,881-558-3663
257,Erskine,Juan,594-332-7195
258,Obidiah,Felce,404-292-7353
259,Monique,Hradsky,692-115-2641
260,Abbey,Lohden,588-715-2758
261,Julian,Maris,446-634-6590
262,Adiana,Marages,127-385-8773
263,Hally,Ruthven,654-429-4515
264,Alisun,Durling,220-367-8570
265,Angelica,Bellingham,921-416-5311
266,Olive,Royste,202-799-0000
267,Tani,Rookledge,749-974-5843
268,Cloris,Brimilcombe,533-192-9569
269,Dolly,A'field,602-645-0860
270,Zenia,Burndred,838-866-4430
271,Dulciana,Curneen,325-956-1831
272,Manda,Kunrad,601-534-1811
273,Tatum,Conti,401-953-0812
274,Guendolen,Kerwen,417-518-0301
275,Ellie,Phayre,970-500-6752
276,Ingaberg,Whooley,216-784-1057
277,Shelly,Jennaway,227-564-6430
278,Cyb,Billam,988-736-6050
279,Ashlen,Noirel,424-549-3667
280,Catherina,Tootell,428-901-2500
281,Rae,Fowls,727-494-7492
282,Reinaldo,Felder,706-648-2599
283,Antonetta,Probets,388-313-7179
284,Durand,Barehead,147-749-6746
285,Diena,Breem,517-219-4528
286,Anett,Reisk,433-106-4611
287,Bentlee,Kermitt,728-118-3942
288,Valenka,Southerns,881-209-3765
289,Lorelle,Corwood,249-313-7600
290,Corrine,Wingatt,746-195-2010
291,Megan,McDuffy,763-924-6663
292,Isaiah,Timmons,302-800-5849
293,Kial,Babcock,664-675-9646
294,Skye,De Anesy,959-238-2250
295,Elias,Ladson,429-215-5914
296,Ibbie,Verbeek,814-110-3088
297,Quinta,Itzkovitch,296-795-1169
298,Yehudit,Remmer,286-276-4478
299,Adel,Pourvoieur,591-662-8986
300,Delmar,Ludmann,620-847-5163
301,Sacha,Blatherwick,908-425-1605
302,Appolonia,Sent,557-169-3943
303,Dorree,Riddoch,902-231-7156
304,Catha,Bernlin,585-804-0478
305,Jasmine,Clelle,677-767-4596
306,Joline,Dobbing,842-144-0688
307,Chrysa,Boulder,757-106-7092
308,Heidie,Sidon,297-384-6720
309,Bartolomeo,Olenchikov,690-837-4925
310,Sholom,Caught,601-906-4211
311,Iosep,Clever,926-361-7028
312,Tymon,Monk,605-903-7318
313,Murielle,Regglar,984-403-3246
314,Christy,Antonoyev,705-474-1758
315,Vinita,Ipgrave,528-778-2326
316,Moore,Eynaud,621-593-2313
317,Kristofer,Pfeuffer,512-411-7638
318,Michael,Sidlow,545-767-5758
319,Marion,Collin,396-637-1160
320,Ebeneser,Aikman,715-585-5881
321,Silvie,Sagg,164-794-7352
322,Milty,Verlander,130-307-0369
323,Thorpe,Newstead,960-887-9995
324,Bone,McMylor,416-177-4243
325,Pierre,Cooney,381-111-9335
326,Ferris,Yoskowitz,505-103-3894
327,Teddi,Locksley,572-722-9160
328,Major,Stanford,529-603-6000
329,Rheta,Miguel,608-147-0007
330,Minda,de Courcey,747-793-2324
331,Teena,Savell,972-299-5918
332,Robbyn,Paolicchi,890-760-8080
333,Chic,Bortoli,156-503-1360
334,Truda,Stapford,605-913-2746
335,Ashien,Ghest,780-754-9927
336,Deeyn,Hablot,398-647-5352
337,Tildy,Gaiford,559-897-2540
338,Lona,Marc,720-175-7965
339,Nancey,Bulstrode,645-348-6362
340,Kip,Coffelt,942-916-7777
341,Verney,Pigne,652-798-3440
342,Cheslie,Atcheson,552-397-4151
343,Ancell,Rourke,624-666-5901
344,Barnard,Ventham,231-344-4046
345,Vale,Kaubisch,537-403-3716
346,Heath,Riden,243-253-0200
347,Lurleen,Anderton,455-418-9146
348,Fabiano,Kuschel,179-931-4413
349,Bettina,Toderini,687-912-9871
350,Jason,Raithmill,783-957-6995
351,Kris,Desvignes,591-725-4885
352,Wendeline,Buckles,777-806-3634
353,Evanne,Gaythor,602-332-2204
354,Roxanna,De Giorgis,835-862-1770
355,Rosie,Hotchkin,896-327-0406
356,Rozele,Binne,613-685-1524
357,Marita,Abelson,883-737-0978
358,Pinchas,Craigmyle,689-108-5877
359,Ferguson,Sifflett,791-533-5686
360,Jerry,Ollier,397-198-6831
361,Marthe,Dur,652-649-9078
362,Manda,Ofener,375-636-0301
363,Andriette,Cull,236-851-5470
364,Yankee,Wildman,440-881-5799
365,Mariann,Iannello,712-418-1269
366,Jonell,Killshaw,939-613-4114
367,Melina,Steed,125-537-2877
368,Melvyn,Galliver,451-485-9889
369,Merill,Dancey,341-168-1675
370,Devlen,Insley,675-907-0767
371,Stanton,Yegoshin,839-810-2563
372,Nowell,Workman,108-504-7194
373,Bo,Gurton,437-556-0458
374,Aigneis,Pedican,928-273-0132
375,Francklyn,Vowden,510-127-4137
376,Licha,Norker,115-235-5248
377,Herminia,Tomczykiewicz,647-883-6843
378,Kevin,Wellsman,211-874-4672
379,Marylynne,Brignall,729-553-0756
380,Anderson,Ivanikhin,503-623-6311
381,Lauralee,Rennix,136-659-2747
382,Jinny,O'Currane,619-493-5483
383,Tomkin,Carter,321-108-2708
384,Lefty,Bolger,936-954-0473
385,Rayshell,Coste,238-693-6576
386,Harrie,Di Dello,802-431-2765
387,Ansell,Wragge,768-441-8985
388,Lothaire,Erwin,532-556-4609
389,Corinna,Kurtis,962-859-0466
390,Sophi,Dorrity,152-790-1252
391,Kristien,Lahy,469-387-0319
392,Jordon,Cuthill,134-621-6349
393,Blancha,Leethem,695-495-7082
394,Frans,Amberg,491-159-0762
395,Ber,Duhig,667-331-0108
396,Sal,Wadham,875-413-1281
397,Gael,Utton,202-363-5380
398,Seumas,MacArdle,280-966-7595
399,Roland,Lacrouts,151-450-8501
400,Britt,Youthead,960-688-2785
401,Filip,Kerwen,491-538-8941
402,Edwin,Gildersleaves,253-798-7364
403,Nadean,Westmarland,352-796-6137
404,Fairfax,Boise,142-168-2152
405,Starlin,Cattini,955-361-4948
406,Kellyann,Bottoms,504-298-9483
407,Angelika,Ivanusyev,574-725-8972
408,Grantley,Doge,610-126-2995
409,Lou,Hubbard,569-990-2502
410,Livvy,Pearne,659-228-9204
411,Clemence,Shurmer,830-926-6696
412,Nessy,Harower,782-602-0435
413,Jamaal,Meechan,987-662-3713
414,Olia,Lilly,339-185-1410
415,Millard,Jacob,910-956-7854
416,Gisela,Skittrall,323-673-3443
417,Lyndy,Tomet,954-732-0620
418,Valry,Sculley,366-110-9731
419,Torey,Nicholas,530-516-5992
420,Gavra,Saffell,619-695-7914
421,Colman,Longthorne,308-589-6790
422,Clarabelle,Triplow,971-226-2638
423,Cleavland,Hlavecek,355-242-6449
424,Willabella,Mayston,588-982-2485
425,Millicent,Henkmann,816-467-8464
426,Ferrell,Roman,580-270-0490
427,Lusa,Loddon,133-544-2730
428,Wendel,Honnan,770-442-4429
429,Donelle,Titcom,729-998-9087
430,Maximilian,Wadham,426-311-0317
431,Sigvard,Davidson,136-579-7452
432,Cletus,Inglis,653-462-7104
433,Erhard,Tirone,349-209-1525
434,Sukey,January 1st,665-261-7324
435,Jerome,Bluschke,724-555-5051
436,Gavra,Burroughes,264-832-4613
437,Prissie,Knobell,290-713-5672
438,Kacy,Bode,756-688-0869
439,Bentley,Swindin,717-411-9106
440,Roxanna,Dammarell,719-976-8065
441,Arda,McGettrick,656-505-7918
442,Channa,Killock,805-729-2877
443,Krispin,Rowden,327-349-1749
444,Cassius,McQuillan,312-381-6479
445,Hilly,Boarder,161-900-6611
446,Prince,Gladman,898-291-8543
447,Sydney,Applegate,589-562-7644
448,Neal,Catcheside,287-228-6729
449,Andrea,Larratt,115-887-1242
450,Maribel,Peach,696-602-5563
451,Orelia,Hallihane,249-941-0635
452,Luelle,Lusher,545-688-1425
453,Marcella,Mellmer,345-349-8758
454,Moshe,Cutsforth,600-122-2055
455,Matthaeus,Farnie,579-614-6931
456,Graham,Dixsee,498-305-5807
457,Belita,Blowne,904-375-8627
458,Sherye,Pegden,496-626-4475
459,Mart,MacGillavery,880-449-0779
460,Wayne,Singers,709-236-1266
461,Carlene,Jonke,309-471-6196
462,Batsheva,Morit,449-264-3510
463,Meredith,Gladstone,729-607-6468
464,Yance,Isakov,471-888-9728
465,Toddy,Pudge,619-297-9192
466,Gwendolen,Advani,255-336-0687
467,Tomkin,Orring,748-625-8025
468,Shamus,Stanley,968-286-1434
469,Zandra,Nodes,739-294-4618
470,Kirby,Vannikov,784-339-6274
471,Shela,Gabel,334-272-6240
472,Thorin,Lippitt,744-613-8287
473,Andrej,Edgehill,241-624-7072
474,Zechariah,De Blasi,614-497-9244
475,Barbabas,Mease,530-941-1159
476,Kerwinn,O'Criane,460-268-4009
477,Reynold,Kondratovich,407-873-1297
478,Mavis,Minchinton,542-447-5354
479,Nelie,Shepperd,346-425-2793
480,Caroljean,Reape,140-437-5541
481,Taylor,Zanutti,804-725-8097
482,Lissy,Purchase,334-728-2344
483,Cherye,Bonnesen,621-100-2506
484,Heath,Eddoes,185-959-1172
485,Jackie,Brick,195-881-5591
486,Lawton,Noonan,678-760-6438
487,Willi,Stihl,160-597-8121
488,Hanni,Fance,819-204-1790
489,Teri,De la Harpe,199-725-0498
490,Kurtis,Pruce,571-287-7266
491,Jerrilee,Jaukovic,395-921-5827
492,Brendis,Seyers,513-791-0964
493,Jaquith,Annott,409-165-4272
494,Lauryn,Payton,763-221-6792
495,Alana,Limeburn,505-187-9086
496,Delores,Pembridge,891-772-6432
497,Aundrea,Kmiec,967-125-6173
498,Neville,Bromige,759-865-7909
499,Nancy,Sacks,775-287-1703
500,Corabel,Guarnier,458-892-5069
501,Jewelle,Paulin,147-522-2973
502,Elisabet,Yakunikov,657-475-8525
503,Maurine,Sijmons,896-110-3199
504,Rubi,Simmgen,176-268-5243
505,Abigail,Colebourn,545-842-4916
506,Corbie,Monier,843-850-8414
507,Craggy,Sans,780-884-6099
508,Janot,Chichgar,894-304-4006
509,Dayle,O' Mullane,613-985-2411
510,Teddy,Cardenosa,506-167-1851
511,Gertrude,Castlake,887-144-4501
512,Eadie,Prime,127-524-9507
513,Si,Purton,655-297-6995
514,Horton,Gritsaev,383-963-4573
515,Erminia,O'Hare,273-532-7088
516,Henrik,Roset,899-548-0290
517,Randie,De Vries,574-685-2686
518,Kennie,Crank,476-351-2030
519,Ara,Olland,638-170-0267
520,Aimee,Peatman,908-657-1611
521,Win,Shevlin,162-462-6279
522,Mia,Cheverell,329-784-3360
523,Kellsie,Grabban,855-560-9171
524,Leanor,Wornham,448-739-6239
525,Andy,De Andisie,348-108-3922
526,Shelley,Barehead,563-410-1284
527,Woodman,Mathissen,708-246-6375
528,Celestyn,McEneny,417-426-4239
529,Darya,Stoney,695-162-4879
530,Tessie,Coldbreath,760-301-9723
531,Amaleta,Ellwand,522-419-4790
532,Bink,Sawl,809-357-2914
533,Trude,Rockey,331-505-7051
534,Sybilla,Arling,860-911-5763
535,Elka,Sancraft,522-672-4774
536,Giffard,Maple,314-775-7274
537,Alana,Vidgeon,614-638-5553
538,Bria,Langridge,783-839-4925
539,Alex,Withnall,420-255-4991
540,Daron,Kirkham,154-685-2677
541,Elnar,Tarbett,771-721-6340
542,Inez,Oller,837-593-8886
543,Hermann,Tunnow,291-730-2923
544,Worth,Jehaes,323-705-9748
545,Findlay,Ionesco,548-342-8172
546,Tabbitha,Jardine,662-206-7576
547,Trevor,Bere,273-200-8653
548,Melodie,Crone,542-181-8668
549,Allister,Sandland,142-201-8826
550,Roselia,Espinet,841-185-3265
551,Benjy,Alsford,230-966-7198
552,Darla,Hanford,940-667-0145
553,Melisse,Romer,967-486-6308
554,Bob,Cheeseman,714-248-8634
555,Jo-anne,Yakubovics,312-299-6275
556,Gaspard,Wicklin,761-152-3375
557,Hal,McCoole,608-442-6131
558,Ax,Rowena,424-755-7206
559,Star,Yanukhin,849-918-6369
560,Geordie,Jiricka,833-331-8007
561,Jaine,Jeanes,496-958-2710
562,Eilis,Haddacks,315-791-2946
563,Saunderson,Brothwell,681-170-6533
564,Levin,Roma,190-481-1777
565,Prince,Kestin,258-587-0392
566,Eugenio,Willshire,409-311-2338
567,Joyce,Longworthy,823-819-7139
568,Andres,Hadrill,563-815-4914
569,Jermain,Beeby,277-272-7113
570,Cahra,Howles,527-926-0190
571,Rhiamon,Hancke,724-940-5355
572,Wynne,Slocumb,946-858-4166
573,Marylin,Orton,139-914-7589
574,Mahmoud,Slack,465-346-2060
575,Kameko,Rennocks,855-530-8910
576,Izzy,Yakobovicz,985-578-9932
577,Alis,Lau,594-967-9556
578,Garreth,Kneesha,334-169-8784
579,Fredericka,Planque,250-137-2192
580,Kellen,Wabb,258-627-5494
581,Gualterio,Seyler,316-804-8504
582,Hugibert,Rainy,630-442-7502
583,Thebault,Beange,610-580-4486
584,Melisse,Tidswell,825-610-5113
585,Sula,Reven,390-455-6338
586,Coretta,Edgerley,647-621-2865
587,Shell,Ilive,747-664-5520
588,Olenka,Sparsholt,151-348-2090
589,Cristabel,Hammonds,627-852-6985
590,Levon,Steiner,843-883-1846
591,Krystyna,Chismon,132-485-5071
592,Abbye,Wingeatt,589-269-4370
593,Clarence,Jakubovitch,114-979-8468
594,Marylin,Ruggles,681-695-2890
595,Ortensia,Maclaine,293-823-8819
596,Mamie,Vine,830-409-2443
597,Octavia,Bensen,858-113-6087
598,Elisha,Monday,569-455-4318
599,Kandace,Navarro,824-615-0750
600,Neville,Kos,222-815-8046
601,Carmina,Sydenham,950-881-1339
602,Alano,Kundert,319-462-7966
603,Meredithe,Skoughman,551-126-8936
604,Geraldine,Streater,592-838-5912
605,Fergus,Ripper,983-686-3632
606,Paulie,Tournay,572-301-1725
607,Kipper,Glover,592-366-0193
608,Emmott,Laviss,329-790-8237
609,Jewelle,Hinkes,568-376-3649
610,Pavia,Hauxby,780-697-0969
611,Thorin,Heaffey,564-808-9414
612,Marji,Norheny,365-563-9631
613,Mendel,Camillo,331-676-8711
614,Odetta,Casey,945-139-0613
615,Sarette,McMenamin,468-367-2811
616,Odelia,Johannesson,697-828-9473
617,Gerry,Perago,637-257-4694
618,Greggory,Hebblewhite,499-615-5943
619,Hendrika,Huard,602-640-2405
620,Kenny,Trumble,968-993-0777
621,Nowell,Beaglehole,731-313-4517
622,Royall,Petzold,815-692-7897
623,Orelee,Meale,721-738-2399
624,Vin,Hedgeman,422-693-9372
625,Noby,Bramah,952-194-5052
626,Stephi,Hanscome,384-984-2437
627,Karina,Birchner,327-114-2908
628,Doralin,Conklin,585-983-4967
629,Alexandros,Hourston,790-678-7493
630,Bee,Leve,893-202-7606
631,Ernestus,Linne,224-684-6631
632,Marga,Jeune,446-283-3253
633,Sabina,Alexsandrev,626-395-8143
634,Latashia,McGirr,256-280-7470
635,Kirstin,Hyndman,928-998-2466
636,Hewett,Alexsandrowicz,843-393-2796
637,Elysha,Kleinzweig,431-786-3492
638,Quinn,Stein,634-136-5386
639,Lars,Auletta,817-883-1387
640,Agneta,Shilton,601-721-2758
641,Caryl,Ledward,896-818-0479
642,Kara,Enevoldsen,522-815-9429
643,Cayla,Santos,512-995-1748
644,Roshelle,Gillson,979-968-2760
645,Cam,Treweek,660-100-4119
646,Doug,Schiesterl,655-146-5208
647,Berny,Deviney,282-622-8435
648,Bayard,Nicholas,337-411-5635
649,Vannie,Storms,818-601-4971
650,Bart,Claypoole,188-648-6775
651,Theadora,Shimony,766-855-8937
652,Kareem,Duckering,296-992-9641
653,Janelle,Chatan,575-125-9192
654,Arlee,Snelling,566-427-8407
655,Garik,Jeaneau,386-121-8689
656,Lori,Blackader,158-373-8987
657,Frannie,Chasemore,330-141-7847
658,Massimo,Backshell,107-373-3967
659,Gianina,Cantos,172-689-9327
660,Shepperd,Gudde,574-903-2772
661,Wiatt,Prosser,909-667-3115
662,Elysee,Whife,142-250-1695
663,Raimondo,Duligal,704-634-1824
664,Marv,Reimers,131-432-2436
665,Devin,Antonognoli,997-914-1733
666,Avery,Backshell,488-610-7767
667,Lorianne,Pyrke,522-340-8710
668,Lynett,Cantera,345-198-8848
669,Trevar,Willeman,772-118-9129
670,Rhys,Sellan,187-652-7464
671,Elihu,Crosse,434-724-5668
672,Bobinette,Matveyev,522-755-6647
673,Flemming,Farish,938-761-6726
674,Omero,Mawson,789-176-8351
675,Steffie,Kleinsmuntz,157-560-5399
676,Berri,Brimilcombe,524-599-3668
677,Deloria,Odo,856-482-2406
678,Enrika,Hurdedge,797-356-7729
679,Avril,Zwicker,577-313-4796
680,Averill,Eblein,212-610-5259
681,Nickolaus,Yve,291-609-0147
682,Vernen,Harg,664-836-8098
683,Wanda,Lillow,848-162-0709
684,Danette,Phelipeaux,898-391-4424
685,Ab,Roby,320-934-9038
686,Fulton,Cellone,807-266-5506
687,Georgi,Gorwood,767-116-0422
688,Uri,McCroary,630-552-7546
689,Dur,Tockell,315-979-9864
690,Silvio,Le feaver,854-948-8203
691,Mada,Laurentin,819-693-7934
692,Pamelina,Codling,387-386-4740
693,Glynda,Belson,687-183-1072
694,Eliot,Burmaster,826-518-0779
695,Caterina,Milmoe,380-178-6802
696,Hamlen,Hodgen,559-493-2588
697,Wood,MacBey,913-538-1639
698,Aldridge,Brougham,892-207-0753
699,Fairlie,Khotler,168-334-5582
700,Gawain,Tabart,356-228-2380
701,Gabrielle,MacAlpyne,189-236-1193
702,Burty,Quare,207-997-3646
703,Jeanette,Antognetti,805-121-3004
704,Alexis,Dewdney,220-583-9458
705,Dionne,Hoggan,917-965-4608
706,Irene,Gutteridge,412-557-4700
707,Nina,Meadows,659-807-1123
708,Henryetta,Pilling,328-462-2796
709,Idelle,Melley,749-148-1181
710,Steward,Youel,811-390-5362
711,Liv,Ballister,473-742-0217
712,Luis,Billborough,494-238-2445
713,Cherilynn,Perrelli,931-859-2252
714,Celia,Mohan,283-403-0213
715,Ware,Hallam,729-974-4974
716,Rebeca,Bullin,436-795-9390
717,Elisabet,Killeley,934-398-7916
718,Vannie,Buzin,891-472-9643
719,Fleur,Shoosmith,392-695-9030
720,Hilliary,Allchin,722-318-8459
721,Marie,Guilaem,125-786-7941
722,Gerry,Mawne,762-432-2859
723,Simone,Arnal,938-222-9422
724,Maude,Cardello,774-875-3603
725,Kyle,Percifull,134-235-7507
726,Tamra,Muir,232-211-0622
727,Costa,Leaming,838-803-3126
728,Milli,Yurkov,876-817-8777
729,Scarface,Augustine,968-452-7084
730,Torrey,Kemet,811-528-9844
731,Fredericka,Hutchin,335-828-6551
732,Slade,Gregoretti,946-505-4647
733,Issie,Osbidston,239-235-8571
734,Wenda,Simond,915-405-6913
735,Raven,Halewood,972-521-9651
736,Kalvin,Brute,621-637-6452
737,Hermione,Tattersfield,834-880-9342
738,Milly,List,518-326-5576
739,Jackelyn,Milhench,186-354-0664
740,Jacquette,Meysham,933-214-4048
741,Diahann,Givens,732-353-0839
742,Bertrando,Ibbott,933-683-2397
743,Ferguson,Parkhouse,329-913-7645
744,Caz,Hawton,225-657-5279
745,Masha,Baldocci,628-766-2284
746,Aridatha,Trustram,474-961-6199
747,Ad,Fisby,941-796-3448
748,Yovonnda,Goodlad,207-993-0150
749,Priscilla,Wharlton,419-274-7379
750,Marlane,Chicotti,974-276-5036
751,Stanton,Piner,775-401-8311
752,Kare,McKennan,610-598-6873
753,Patrice,McCormick,721-103-9546
754,Alex,Shale,635-512-9733
755,Claiborne,Claibourn,510-872-5814
756,Nelle,Howley,369-863-2743
757,Lucio,Jost,275-809-1420
758,Annmarie,Lebreton,880-388-0730
759,Nataline,Woodes,446-825-4305
760,Amerigo,Smickle,483-866-0137
761,Lisa,Ruffey,628-697-1260
762,Dorthy,Copsey,954-473-7235
763,Bryce,Witz,997-836-6559
764,Anstice,Tewkesbury.,802-551-4725
765,Kristien,Reinisch,211-864-0475
766,Willette,Trowl,162-802-3396
767,Tarra,Bromell,696-253-3127
768,Halli,Goss,902-938-9950
769,Arvin,Tough,440-941-5417
770,Janis,Frushard,439-723-5544
771,Saleem,Folan,372-576-1218
772,Dicky,Todaro,867-177-1719
773,Beckie,Jerrans,355-851-6987
774,Doe,Olkowicz,124-783-9766
775,Ibbie,Robberecht,725-601-0960
776,Lucille,Whaymand,275-295-8509
777,Levon,Folomin,767-849-5625
778,Lorri,Lawlie,973-252-4032
779,Mandi,Courtney,350-668-1117
780,Theodore,Slaughter,344-130-2738
781,Corny,Trathan,208-405-1760
782,Billi,Allen,203-395-3764
783,Kathryn,McSweeney,291-817-5831
784,Margo,Tandey,610-392-6554
785,Silas,Pellew,592-547-4125
786,Sherilyn,Laux,628-490-0654
787,Corabella,Thistleton,149-680-6142
788,Thia,Duckhouse,416-158-2609
789,Audry,Curme,763-929-4080
790,Parsifal,Schwandermann,393-399-3772
791,Julie,Knagges,267-158-6320
792,Skip,Balffye,362-706-0939
793,Drake,Buney,579-556-4689
794,Wayne,Fante,241-198-3921
795,Vivianne,Danilin,138-676-1176
796,Even,Grayson,235-993-8390
797,Arin,Jumel,564-983-9243
798,Valaria,Maes,889-174-6230
799,Frazer,Barraclough,192-702-7272
800,Nathalia,Doche,370-629-5118
801,Gael,Sictornes,117-603-2223
802,Analise,Coombs,204-872-3669
803,Maynord,Hadny,987-719-6169
804,Jasmin,Baroc,312-427-8485
805,Lorette,Gabel,394-577-6952
806,Stephanus,Browett,849-598-7078
807,Cherice,Rogan,424-897-0271
808,Garfield,Crosson,754-872-7136
809,Clovis,Satyford,734-560-2420
810,Miranda,Newbatt,201-621-7213
811,Eleanore,Telezhkin,867-878-4776
812,Beryle,McInnery,208-870-1209
813,Philbert,Bretelle,299-691-7091
814,Jenny,Gration,838-912-4510
815,Jayme,Goom,755-886-8686
816,Maribeth,Boxen,964-643-4516
817,Reta,De L'Isle,984-681-9817
818,Bella,Poulton,578-329-3221
819,Romonda,Gerant,449-762-4085
820,Teddie,Santora,269-600-2017
821,Hazel,Beamand,675-653-5854
822,Ericka,Waller-Bridge,108-643-0578
823,Wilburt,Ferroni,205-504-0541
824,Phelia,Corr,898-794-9999
825,Agosto,Mabbot,770-260-3614
826,Ashla,Melladew,237-558-6779
827,Malcolm,Goodlud,785-721-2430
828,Marya,Yeoland,484-937-6246
829,Tracy,Witham,977-251-0929
830,Lanny,Hartzogs,683-976-0720
831,Chloette,Dolden,133-897-5878
832,Dewie,Cuckoo,623-894-1765
833,Melisent,McCoole,906-609-4996
834,Olivier,Bourhill,792-571-0759
835,Hillel,Vanyard,502-794-6115
836,Valida,McNess,124-438-8834
837,Bird,Tiuit,662-919-4706
838,Killy,Chill,156-406-3821
839,Perl,Mosby,791-968-2831
840,Tammie,Papa,572-725-4719
841,Giselle,Llewelyn,322-124-4073
842,Mag,Phaup,796-757-8986
843,Nikita,Klimecki,112-465-7960
844,Herve,Kelsall,249-426-3565
845,Arty,Rew,486-631-4609
846,Nial,Twyning,701-450-9483
847,Felice,Greim,230-214-5456
848,Annamarie,Loads,608-265-0033
849,Audrye,Grenkov,288-954-1401
850,Genevra,Cable,193-885-9576
851,Andie,Van Der Straaten,471-232-9875
852,Jorey,Looks,521-374-9123
853,Ernestus,Beddows,624-515-4723
854,Llywellyn,Schooling,668-887-7787
855,Peggi,Brosetti,432-593-1536
856,Madelene,Melior,196-261-2272
857,Britte,Sheirlaw,967-509-2314
858,Tristan,Nolte,923-944-5698
859,Silas,Brownstein,449-963-5561
860,Veda,Soot,531-155-6214
861,Nichol,Middiff,859-479-4074
862,Betti,Crofts,159-220-4881
863,Ky,Mattessen,218-721-2391
864,Trixi,Corness,790-883-2169
865,Rici,MacPharlain,104-409-1584
866,Brew,Flintuff,871-737-1421
867,Garnet,Paff,244-459-0488
868,Sacha,Measor,724-600-2903
869,Delila,Fache,342-384-4803
870,Porter,Iacovelli,375-782-6403
871,Dex,Gierke,373-696-6312
872,Moira,MacGovern,326-627-4842
873,Phillie,Gyrgorwicx,231-836-0883
874,Mae,Goodbairn,130-565-7651
875,Dallas,Popeley,605-874-3426
876,Hayward,Yerbury,528-757-7076
877,Averil,Wedge,228-699-8274
878,Tommie,Quantick,598-536-7336
879,Justino,Bumpus,922-262-0554
880,Jelene,Davison,380-176-9925
881,Allyn,Daunay,304-467-2867
882,Gran,Busse,399-845-7156
883,Fanya,Borit,275-536-9306
884,Clarie,Volks,430-329-5455
885,Lorine,Jorg,834-193-9296
886,Phillipp,Lockhead,272-979-5964
887,Guss,Ubsdell,926-871-7987
888,Reid,Gossipin,271-774-7436
889,Alberik,MacAlister,726-822-3006
890,Rosemarie,Brettoner,672-324-3023
891,Erin,Payle,308-695-3197
892,Vita,Holdforth,465-887-4733
893,Harry,Metherell,853-472-8721
894,Tarrance,MacCaughey,699-999-4987
895,Greta,Garroway,110-622-2816
896,Fletch,Caldwell,278-560-9169
897,Liane,Greenard,196-524-3231
898,Germain,Rippin,289-872-5627
899,Carol,Vizard,964-377-8564
900,Philippine,Cregg,871-142-9417
901,Keelia,Hallin,507-804-8316
902,Corbett,Kyffin,362-621-4711
903,Graig,Salisbury,740-655-8634
904,Quintilla,MacFall,675-974-0024
905,Giraud,Mucklestone,492-779-3320
906,Antony,Bothram,849-747-3482
907,Lyssa,Carbin,164-219-5425
908,Dari,Cawston,959-751-5395
909,Susanna,Keysall,286-535-5661
910,Georg,Kettle,277-967-0489
911,Kyle,Connors,607-734-6083
912,Torre,Weigh,289-475-8638
913,Kit,Mowne,814-334-5236
914,Madelena,Leve,576-798-8618
915,Zebulon,Hearne,865-721-4238
916,Steve,Amdohr,152-474-4663
917,Sammie,Yukhnin,538-894-0052
918,Valentin,Pavel,531-880-6155
919,Mignon,Giacobini,744-172-2391
920,Quinton,Cope,783-324-4802
921,Papageno,Clampin,221-723-7143
922,Cris,Gillice,232-392-0933
923,Caye,Flahy,538-695-5408
924,Caldwell,Challis,301-565-0776
925,Hanson,Manolov,292-249-4813
926,Carlos,McFaul,202-160-5311
927,Clair,Putley,272-317-5152
928,Camille,Pinckney,547-306-7091
929,Ford,Bramall,343-780-7639
930,Loren,Brickdale,316-224-9635
931,Roseann,Bradneck,665-841-8747
932,Clement,Delcastel,791-984-5963
933,Ali,Gallaher,179-859-2269
934,Nickolaus,Dedman,380-403-1234
935,Ernestus,Davana,909-598-3024
936,Andres,Sprade,790-178-9785
937,Korey,Poel,222-646-7398
938,Jasmin,Chiverton,767-866-4146
939,Pavlov,Glander,314-121-3340
940,Abigael,Desborough,962-166-7378
941,Whitman,Georges,321-291-3487
942,Gian,Grunwald,186-604-3438
943,Iosep,Litel,116-469-1320
944,Tori,Baston,354-453-9263
945,Brnaba,McFaul,622-665-1676
946,Kerrill,Grayer,475-898-1055
947,Gilberto,Bodocs,593-624-7499
948,Jacquelynn,Maasze,228-853-8488
949,Pepillo,Daniely,779-329-2735
950,Neila,Stollmeier,426-540-3508
951,Gussie,Demcak,553-629-6398
952,Humfrid,Willshear,801-563-8960
953,Iris,Arundale,240-259-4400
954,Janie,McCready,451-854-0608
955,Alexia,Gilham,864-711-2186
956,Iolande,Risbrough,308-967-2607
957,Danya,Berrisford,431-920-7220
958,Carmel,Gill,938-750-8928
959,Orsa,Cowen,567-795-5068
960,Jon,Booley,560-508-9608
961,Collie,Brachell,401-929-1090
962,Mona,Riba,838-217-5953
963,Audrie,Hyndson,759-506-2288
964,Angelika,Gerge,285-747-8344
965,Ros,Leneham,877-292-5524
966,Derron,Goldwater,366-742-2618
967,Eward,Pleavin,233-859-9277
968,Mano,Cowley,157-968-6859
969,Belia,Scheffel,552-316-4145
970,Phelia,Blackhurst,481-301-3636
971,Lorette,Posselwhite,674-322-6085
972,Tonye,Morrad,200-532-4602
973,Lina,VanBrugh,469-346-4125
974,Eden,Bau,824-537-5509
975,Heath,Wadman,822-662-0766
976,Salem,Feldharker,300-545-3895
977,Evangelin,Conisbee,555-342-8017
978,Neil,Snoddon,564-498-8257
979,Martie,Sollam,734-106-4268
980,Regine,Kollas,559-396-2653
981,Dierdre,Sprionghall,409-421-2944
982,Ettie,McGurn,548-694-4493
983,Elnar,Tamblyn,606-938-5876
984,Merwin,Beaby,765-314-2862
985,Engracia,Durrad,120-217-8829
986,Alvinia,Mapplebeck,600-774-1119
987,Archibaldo,Peto,739-953-7001
988,Irina,Stert,455-253-6589
989,Andreas,Petzolt,940-150-4345
990,Lenna,Esselen,384-648-0795
991,Pansie,Ritchley,284-677-3327
992,Buffy,Dovidian,401-836-0067
993,Shani,Redhead,348-736-9697
994,Lilas,Kausche,979-752-3203
995,Toby,Kamall,565-883-7665
996,Mabel,Sharpling,493-178-9656
997,Cletis,MacCoughen,861-919-3373
998,Lennard,Dufer,196-968-3504
999,Renaldo,Chamberlen,382-804-7416
1000,Linn,Kelberer,751-584-9197